Workbook

Sheet Read Me
B2: Change KPI Dashboard – Enterprise GenAI & Cloud Transformation (Simulation)
B3: Independent case study | Freza Majithia | 2026
B5: IMPORTANT | C5: All organizations, headcounts and weekly figures in this workbook are SIMULATED for illustration. Targets are proposed and would be calibrated against a real client baseline.
B7: Purpose | C7: Shows how a change team would track adoption of a generative AI productivity tool across four business departments (950 employees) during the first ~60 days of rollout, and how the data would drive decisions.
B8: Sheets | C8: Inputs – department set-up, proposed targets and weekly data (edit here). Dashboard – KPI summary, department view, insights and charts. Choose the reporting week in cell B4. Trends – calculation sheet that feeds the charts (no inputs).
B9: Colour legend | C9: Blue text = editable input or hardcoded sample value. Black text = formula. Green text = link to another sheet. Yellow fill = the cell(s) you choose or change most often.
B10: KPI definitions | C10: Training completion = cumulative employees who completed training ÷ employees in scope. Weekly active adoption = employees who used the tool that week ÷ employees in scope. Average sentiment = pulse-survey score (1–5), weighted by number of responses. Support tickets per 100 employees = tickets logged that week ÷ employees in scope × 100.
B11: Status logic | C11: On track = meets target. At risk = within the at-risk threshold of target (default 90%, see Inputs!G9). Off track = below that. Ramping up = the reporting week is earlier than the week the target applies from.
B12: Data sources (real engagement) | C12: Training completion – learning platform/LMS. Adoption – tool usage analytics (reported in aggregate only, never by individual). Sentiment – short weekly pulse survey. Tickets – service desk.
B13: Design choices | C13: Usage data is aggregated at department level to protect employee trust – the goal is to find where support is needed, not to monitor individuals.

Sheet Dashboard
A1: Change KPI Dashboard – Enterprise GenAI & Cloud Transformation (Simulation)
A2: SIMULATED DATA for illustration. Targets are proposed and would be calibrated to a real client baseline.
A4: Reporting week (1–9): | B4: 9 | C4: Change this cell to view any week. Week 9 ≈ day 60 of rollout.
A6: KPI | B6: Current | C6: Target | D6: Status | E6: Definition
A7: Training completion | B7: =D18 -> 0.95157895 | C7: =Inputs!G5 -> 0.9 | D7: =IF($B$4<Inputs!$H$5,"Ramping up",IF(B7>=C7,"On track",IF(B7>=Inputs!$G$9*C7,"At risk","Off track"))) -> On track | E7: Cumulative employees trained ÷ employees in scope
A8: Weekly active adoption | B8: =E18 -> 0.71157895 | C8: =Inputs!G6 -> 0.75 | D8: =IF($B$4<Inputs!$H$6,"Ramping up",IF(B8>=C8,"On track",IF(B8>=Inputs!$G$9*C8,"At risk","Off track"))) -> At risk | E8: Employees using the tool that week ÷ employees in scope
A9: Average sentiment (1–5) | B9: =F18 -> 3.9610526 | C9: =Inputs!G7 -> 4 | D9: =IF($B$4<Inputs!$H$7,"Ramping up",IF(B9>=C9,"On track",IF(B9>=Inputs!$G$9*C9,"At risk","Off track"))) -> At risk | E9: Pulse-survey score weighted by responses
A10: Support tickets per 100 employees | B10: =G18 -> 2.9473684 | C10: =Inputs!G8 -> 5 | D10: =IF($B$4<Inputs!$H$8,"Ramping up",IF(B10<=C10,"On track",IF(B10<=C10/Inputs!$G$9,"At risk","Off track"))) -> On track | E10: Weekly tickets ÷ employees in scope × 100 (lower is better)
A12: Department view – selected week
A13: Department | B13: Employees | C13: Champions | D13: Trained % | E13: Weekly active % | F13: Avg sentiment | G13: Tickets /100 | H13: Adoption status | I13: Adoption target
A14: =Inputs!A5 -> Customer Service | B14: =Inputs!B5 -> 380 | C14: =Inputs!C5 -> 15 | D14: =SUMIFS(Inputs!$C$13:$C$48,Inputs!$A$13:$A$48,$B$4,Inputs!$B$13:$B$48,$A14)/B14 -> 0.96052632 | E14: =SUMIFS(Inputs!$D$13:$D$48,Inputs!$A$13:$A$48,$B$4,Inputs!$B$13:$B$48,$A14)/B14 -> 0.77894737 | F14: =IFERROR(SUMPRODUCT((Inputs!$A$13:$A$48=$B$4)*(Inputs!$B$13:$B$48=$A14)*Inputs!$E$13:$E$48*Inputs!$F$13:$F$48)/SUMIFS(Inputs!$E$13:$E$48,Inputs!$A$13:$A$48,$B$4,Inputs!$B$13:$B$48,$A14),0) -> 4.1 | G14: =SUMIFS(Inputs!$G$13:$G$48,Inputs!$A$13:$A$48,$B$4,Inputs!$B$13:$B$48,$A14)/B14*100 -> 2.8947368 | H14: =IF($B$4<Inputs!$H$6,"Ramping up",IF(E14>=I14,"On track",IF(E14>=Inputs!$G$9*I14,"At risk","Off track"))) -> On track | I14: =Inputs!$G$6 -> 0.75
A15: =Inputs!A6 -> Operations | B15: =Inputs!B6 -> 300 | C15: =Inputs!C6 -> 12 | D15: =SUMIFS(Inputs!$C$13:$C$48,Inputs!$A$13:$A$48,$B$4,Inputs!$B$13:$B$48,$A15)/B15 -> 0.95 | E15: =SUMIFS(Inputs!$D$13:$D$48,Inputs!$A$13:$A$48,$B$4,Inputs!$B$13:$B$48,$A15)/B15 -> 0.7 | F15: =IFERROR(SUMPRODUCT((Inputs!$A$13:$A$48=$B$4)*(Inputs!$B$13:$B$48=$A15)*Inputs!$E$13:$E$48*Inputs!$F$13:$F$48)/SUMIFS(Inputs!$E$13:$E$48,Inputs!$A$13:$A$48,$B$4,Inputs!$B$13:$B$48,$A15),0) -> 3.9 | G15: =SUMIFS(Inputs!$G$13:$G$48,Inputs!$A$13:$A$48,$B$4,Inputs!$B$13:$B$48,$A15)/B15*100 -> 3 | H15: =IF($B$4<Inputs!$H$6,"Ramping up",IF(E15>=I15,"On track",IF(E15>=Inputs!$G$9*I15,"At risk","Off track"))) -> At risk | I15: =Inputs!$G$6 -> 0.75
A16: =Inputs!A7 -> Finance | B16: =Inputs!B7 -> 150 | C16: =Inputs!C7 -> 6 | D16: =SUMIFS(Inputs!$C$13:$C$48,Inputs!$A$13:$A$48,$B$4,Inputs!$B$13:$B$48,$A16)/B16 -> 0.92 | E16: =SUMIFS(Inputs!$D$13:$D$48,Inputs!$A$13:$A$48,$B$4,Inputs!$B$13:$B$48,$A16)/B16 -> 0.56 | F16: =IFERROR(SUMPRODUCT((Inputs!$A$13:$A$48=$B$4)*(Inputs!$B$13:$B$48=$A16)*Inputs!$E$13:$E$48*Inputs!$F$13:$F$48)/SUMIFS(Inputs!$E$13:$E$48,Inputs!$A$13:$A$48,$B$4,Inputs!$B$13:$B$48,$A16),0) -> 3.7 | G16: =SUMIFS(Inputs!$G$13:$G$48,Inputs!$A$13:$A$48,$B$4,Inputs!$B$13:$B$48,$A16)/B16*100 -> 2.6666667 | H16: =IF($B$4<Inputs!$H$6,"Ramping up",IF(E16>=I16,"On track",IF(E16>=Inputs!$G$9*I16,"At risk","Off track"))) -> Off track | I16: =Inputs!$G$6 -> 0.75
A17: =Inputs!A8 -> HR | B17: =Inputs!B8 -> 120 | C17: =Inputs!C8 -> 5 | D17: =SUMIFS(Inputs!$C$13:$C$48,Inputs!$A$13:$A$48,$B$4,Inputs!$B$13:$B$48,$A17)/B17 -> 0.96666667 | E17: =SUMIFS(Inputs!$D$13:$D$48,Inputs!$A$13:$A$48,$B$4,Inputs!$B$13:$B$48,$A17)/B17 -> 0.71666667 | F17: =IFERROR(SUMPRODUCT((Inputs!$A$13:$A$48=$B$4)*(Inputs!$B$13:$B$48=$A17)*Inputs!$E$13:$E$48*Inputs!$F$13:$F$48)/SUMIFS(Inputs!$E$13:$E$48,Inputs!$A$13:$A$48,$B$4,Inputs!$B$13:$B$48,$A17),0) -> 4 | G17: =SUMIFS(Inputs!$G$13:$G$48,Inputs!$A$13:$A$48,$B$4,Inputs!$B$13:$B$48,$A17)/B17*100 -> 3.3333333 | H17: =IF($B$4<Inputs!$H$6,"Ramping up",IF(E17>=I17,"On track",IF(E17>=Inputs!$G$9*I17,"At risk","Off track"))) -> At risk | I17: =Inputs!$G$6 -> 0.75
A18: All departments | B18: =SUM(B14:B17) -> 950 | C18: =SUM(C14:C17) -> 38 | D18: =SUMIFS(Inputs!$C$13:$C$48,Inputs!$A$13:$A$48,$B$4)/B18 -> 0.95157895 | E18: =SUMIFS(Inputs!$D$13:$D$48,Inputs!$A$13:$A$48,$B$4)/B18 -> 0.71157895 | F18: =SUMPRODUCT((Inputs!$A$13:$A$48=$B$4)*Inputs!$E$13:$E$48*Inputs!$F$13:$F$48)/SUMIFS(Inputs!$E$13:$E$48,Inputs!$A$13:$A$48,$B$4) -> 3.9610526 | G18: =SUMIFS(Inputs!$G$13:$G$48,Inputs!$A$13:$A$48,$B$4)/B18*100 -> 2.9473684 | H18: =IF($B$4<Inputs!$H$6,"Ramping up",IF(E18>=I18,"On track",IF(E18>=Inputs!$G$9*I18,"At risk","Off track"))) -> At risk | I18: =Inputs!$G$6 -> 0.75
A20: Insights (update automatically)
A21: Highest adoption | B21: =INDEX(A14:A17,MATCH(MAX(E14:E17),E14:E17,0))&" ("&TEXT(MAX(E14:E17),"0%")&")" -> Customer Service (78%)
A22: Lowest adoption | B22: =INDEX(A14:A17,MATCH(MIN(E14:E17),E14:E17,0))&" ("&TEXT(MIN(E14:E17),"0%")&")" -> Finance (56%)
A23: Departments below adoption target | B23: =SUMPRODUCT(--(E14:E17<I14:I17))&" of 4" -> 3 of 4
A24: Gap to target (all departments) | B24: =TEXT((E18-I18)*100,"+0.0;-0.0")&" percentage points vs target of "&TEXT(I18,"0%") -> -3.8 percentage points vs target of 75%
A25: Suggested focus | B25: ="Prioritize champion support and role-specific use-case clinics in "&INDEX(A14:A17,MATCH(MIN(E14:E17),E14:E17,0))&"; review what is working in "&INDEX(A14:A17,MATCH(MAX(E14:E17),E14:E17,0))&" and share it." -> Prioritize champion support and role-specific use-case clinics in Finance; review what is working in Customer Service and share it.

Sheet Inputs
A1: Inputs – set-up, targets and weekly data
A2: SAMPLE DATA – simulated for illustration. Blue cells are inputs; replace with real exports in a real engagement.
A4: Department | B4: Employees in scope | C4: Champions | D4: Note | F4: KPI | G4: Proposed target | H4: Applies from week | I4: Direction
A5: Customer Service | B5: 380 | C5: 15 | D5: ~1 champion per 25 employees (assumption) | F5: Training completion | G5: 0.9 | H5: 4 | I5: Higher is better
A6: Operations | B6: 300 | C6: 12 | D6: ~1 champion per 25 employees (assumption) | F6: Weekly active adoption | G6: 0.75 | H6: 9 | I6: Higher is better
A7: Finance | B7: 150 | C7: 6 | D7: ~1 champion per 25 employees (assumption) | F7: Average sentiment (1–5) | G7: 4 | H7: 9 | I7: Higher is better
A8: HR | B8: 120 | C8: 5 | D8: ~1 champion per 25 employees (assumption) | F8: Support tickets per 100 employees | G8: 5 | H8: 9 | I8: Lower is better
A9: Total in scope | B9: =SUM(B5:B8) -> 950 | C9: =SUM(C5:C8) -> 38 | D9: Remaining ~250 of 1,200 employees (IT & Cloud Engineering, leadership) are not in the Wave 1 tool rollout. | F9: At-risk threshold (share of target) | G9: 0.9
F10: Targets are illustrative proposals; week 9 ≈ day 60 of rollout. Set them against a real baseline.
A12: Week | B12: Department | C12: Employees trained (cumulative) | D12: Weekly active users | E12: Pulse survey responses | F12: Avg sentiment (1–5) | G12: Support tickets (that week) | I12: Legend
A13: 1 | B13: Customer Service | C13: 76 | D13: 30 | E13: 152 | F13: 3 | G13: 15 | I13: Blue = input / sample value
A14: 1 | B14: Operations | C14: 45 | D14: 15 | E14: 120 | F14: 2.9 | G14: 12 | I14: Black = formula
A15: 1 | B15: Finance | C15: 27 | D15: 6 | E15: 60 | F15: 2.7 | G15: 6 | I15: Example row = Week 1, Customer Service
A16: 1 | B16: HR | C16: 30 | D16: 12 | E16: 48 | F16: 3.1 | G16: 5
A17: 2 | B17: Customer Service | C17: 190 | D17: 76 | E17: 152 | F17: 3.2 | G17: 27
A18: 2 | B18: Operations | C18: 126 | D18: 42 | E18: 120 | F18: 3 | G18: 21
A19: 2 | B19: Finance | C19: 68 | D19: 15 | E19: 60 | F19: 2.8 | G19: 10
A20: 2 | B20: HR | C20: 72 | D20: 29 | E20: 48 | F20: 3.3 | G20: 8
A21: 3 | B21: Customer Service | C21: 296 | D21: 137 | E21: 152 | F21: 3.4 | G21: 34
A22: 3 | B22: Operations | C22: 210 | D22: 81 | E22: 120 | F22: 3.2 | G22: 27
A23: 3 | B23: Finance | C23: 99 | D23: 27 | E23: 60 | F23: 2.9 | G23: 14
A24: 3 | B24: HR | C24: 102 | D24: 48 | E24: 48 | F24: 3.5 | G24: 11
A25: 4 | B25: Customer Service | C25: 353 | D25: 190 | E25: 152 | F25: 3.6 | G25: 30
A26: 4 | B26: Operations | C26: 270 | D26: 120 | E26: 120 | F26: 3.4 | G26: 24
A27: 4 | B27: Finance | C27: 123 | D27: 42 | E27: 60 | F27: 3.1 | G27: 12
... A48: 9 | B48: HR | C48: 116 | D48: 86 | E48: 48 | F48: 4 | G48: 4

Sheet Trends
A1: Trends – calculation sheet for dashboard charts (no inputs)
A4: Week | B4: =Inputs!A5 -> Customer Service | C4: =Inputs!A6 -> Operations | D4: =Inputs!A7 -> Finance | E4: =Inputs!A8 -> HR | F4: Overall adoption | G4: Adoption target | H4: Overall training completion | I4: Overall sentiment | J4: Sentiment target | K4: Tickets per 100 employees | L4: Tickets target
A5: 1 | B5: =SUMIFS(Inputs!$D$13:$D$48,Inputs!$A$13:$A$48,$A5,Inputs!$B$13:$B$48,B$4)/INDEX(Inputs!$B$5:$B$8,MATCH(B$4,Inputs!$A$5:$A$8,0)) -> 0.078947368 | C5: =SUMIFS(Inputs!$D$13:$D$48,Inputs!$A$13:$A$48,$A5,Inputs!$B$13:$B$48,C$4)/INDEX(Inputs!$B$5:$B$8,MATCH(C$4,Inputs!$A$5:$A$8,0)) -> 0.05 | D5: =SUMIFS(Inputs!$D$13:$D$48,Inputs!$A$13:$A$48,$A5,Inputs!$B$13:$B$48,D$4)/INDEX(Inputs!$B$5:$B$8,MATCH(D$4,Inputs!$A$5:$A$8,0)) -> 0.04 | E5: =SUMIFS(Inputs!$D$13:$D$48,Inputs!$A$13:$A$48,$A5,Inputs!$B$13:$B$48,E$4)/INDEX(Inputs!$B$5:$B$8,MATCH(E$4,Inputs!$A$5:$A$8,0)) -> 0.1 | F5: =SUMIFS(Inputs!$D$13:$D$48,Inputs!$A$13:$A$48,$A5)/Inputs!$B$9 -> 0.066315789 | G5: =Inputs!$G$6 -> 0.75 | H5: =SUMIFS(Inputs!$C$13:$C$48,Inputs!$A$13:$A$48,$A5)/Inputs!$B$9 -> 0.18736842 | I5: =SUMPRODUCT((Inputs!$A$13:$A$48=$A5)*Inputs!$E$13:$E$48*Inputs!$F$13:$F$48)/SUMIFS(Inputs!$E$13:$E$48,Inputs!$A$13:$A$48,$A5) -> 2.9336842 | J5: =Inputs!$G$7 -> 4 | K5: =SUMIFS(Inputs!$G$13:$G$48,Inputs!$A$13:$A$48,$A5)/Inputs!$B$9*100 -> 4 | L5: =Inputs!$G$8 -> 5
A6: 2 | B6: =SUMIFS(Inputs!$D$13:$D$48,Inputs!$A$13:$A$48,$A6,Inputs!$B$13:$B$48,B$4)/INDEX(Inputs!$B$5:$B$8,MATCH(B$4,Inputs!$A$5:$A$8,0)) -> 0.2 | C6: =SUMIFS(Inputs!$D$13:$D$48,Inputs!$A$13:$A$48,$A6,Inputs!$B$13:$B$48,C$4)/INDEX(Inputs!$B$5:$B$8,MATCH(C$4,Inputs!$A$5:$A$8,0)) -> 0.14 | D6: =SUMIFS(Inputs!$D$13:$D$48,Inputs!$A$13:$A$48,$A6,Inputs!$B$13:$B$48,D$4)/INDEX(Inputs!$B$5:$B$8,MATCH(D$4,Inputs!$A$5:$A$8,0)) -> 0.1 | E6: =SUMIFS(Inputs!$D$13:$D$48,Inputs!$A$13:$A$48,$A6,Inputs!$B$13:$B$48,E$4)/INDEX(Inputs!$B$5:$B$8,MATCH(E$4,Inputs!$A$5:$A$8,0)) -> 0.24166667 | F6: =SUMIFS(Inputs!$D$13:$D$48,Inputs!$A$13:$A$48,$A6)/Inputs!$B$9 -> 0.17052632 | G6: =Inputs!$G$6 -> 0.75 | H6: =SUMIFS(Inputs!$C$13:$C$48,Inputs!$A$13:$A$48,$A6)/Inputs!$B$9 -> 0.48 | I6: =SUMPRODUCT((Inputs!$A$13:$A$48=$A6)*Inputs!$E$13:$E$48*Inputs!$F$13:$F$48)/SUMIFS(Inputs!$E$13:$E$48,Inputs!$A$13:$A$48,$A6) -> 3.0863158 | J6: =Inputs!$G$7 -> 4 | K6: =SUMIFS(Inputs!$G$13:$G$48,Inputs!$A$13:$A$48,$A6)/Inputs!$B$9*100 -> 6.9473684 | L6: =Inputs!$G$8 -> 5
A7: 3 | B7: =SUMIFS(Inputs!$D$13:$D$48,Inputs!$A$13:$A$48,$A7,Inputs!$B$13:$B$48,B$4)/INDEX(Inputs!$B$5:$B$8,MATCH(B$4,Inputs!$A$5:$A$8,0)) -> 0.36052632 | C7: =SUMIFS(Inputs!$D$13:$D$48,Inputs!$A$13:$A$48,$A7,Inputs!$B$13:$B$48,C$4)/INDEX(Inputs!$B$5:$B$8,MATCH(C$4,Inputs!$A$5:$A$8,0)) -> 0.27 | D7: =SUMIFS(Inputs!$D$13:$D$48,Inputs!$A$13:$A$48,$A7,Inputs!$B$13:$B$48,D$4)/INDEX(Inputs!$B$5:$B$8,MATCH(D$4,Inputs!$A$5:$A$8,0)) -> 0.18 | E7: =SUMIFS(Inputs!$D$13:$D$48,Inputs!$A$13:$A$48,$A7,Inputs!$B$13:$B$48,E$4)/INDEX(Inputs!$B$5:$B$8,MATCH(E$4,Inputs!$A$5:$A$8,0)) -> 0.4 | F7: =SUMIFS(Inputs!$D$13:$D$48,Inputs!$A$13:$A$48,$A7)/Inputs!$B$9 -> 0.30842105 | G7: =Inputs!$G$6 -> 0.75 | H7: =SUMIFS(Inputs!$C$13:$C$48,Inputs!$A$13:$A$48,$A7)/Inputs!$B$9 -> 0.74421053 | I7: =SUMPRODUCT((Inputs!$A$13:$A$48=$A7)*Inputs!$E$13:$E$48*Inputs!$F$13:$F$48)/SUMIFS(Inputs!$E$13:$E$48,Inputs!$A$13:$A$48,$A7) -> 3.2705263 | J7: =Inputs!$G$7 -> 4 | K7: =SUMIFS(Inputs!$G$13:$G$48,Inputs!$A$13:$A$48,$A7)/Inputs!$B$9*100 -> 9.0526316 | L7: =Inputs!$G$8 -> 5
A8: 4 | B8: =SUMIFS(Inputs!$D$13:$D$48,Inputs!$A$13:$A$48,$A8,Inputs!$B$13:$B$48,B$4)/INDEX(Inputs!$B$5:$B$8,MATCH(B$4,Inputs!$A$5:$A$8,0)) -> 0.5 | C8: =SUMIFS(Inputs!$D$13:$D$48,Inputs!$A$13:$A$48,$A8,Inputs!$B$13:$B$48,C$4)/INDEX(Inputs!$B$5:$B$8,MATCH(C$4,Inputs!$A$5:$A$8,0)) -> 0.4 | D8: =SUMIFS(Inputs!$D$13:$D$48,Inputs!$A$13:$A$48,$A8,Inputs!$B$13:$B$48,D$4)/INDEX(Inputs!$B$5:$B$8,MATCH(D$4,Inputs!$A$5:$A$8,0)) -> 0.28 | E8: =SUMIFS(Inputs!$D$13:$D$48,Inputs!$A$13:$A$48,$A8,Inputs!$B$13:$B$48,E$4)/INDEX(Inputs!$B$5:$B$8,MATCH(E$4,Inputs!$A$5:$A$8,0)) -> 0.54166667 | F8: =SUMIFS(Inputs!$D$13:$D$48,Inputs!$A$13:$A$48,$A8)/Inputs!$B$9 -> 0.43894737 | G8: =Inputs!$G$6 -> 0.75 | H8: =SUMIFS(Inputs!$C$13:$C$48,Inputs!$A$13:$A$48,$A8)/Inputs!$B$9 -> 0.90526316 | I8: =SUMPRODUCT((Inputs!$A$13:$A$48=$A8)*Inputs!$E$13:$E$48*Inputs!$F$13:$F$48)/SUMIFS(Inputs!$E$13:$E$48,Inputs!$A$13:$A$48,$A8) -> 3.4705263 | J8: =Inputs!$G$7 -> 4 | K8: =SUMIFS(Inputs!$G$13:$G$48,Inputs!$A$13:$A$48,$A8)/Inputs!$B$9*100 -> 8 | L8: =Inputs!$G$8 -> 5
A9: 5 | B9: =SUMIFS(Inputs!$D$13:$D$48,Inputs!$A$13:$A$48,$A9,Inputs!$B$13:$B$48,B$4)/INDEX(Inputs!$B$5:$B$8,MATCH(B$4,Inputs!$A$5:$A$8,0)) -> 0.6 | C9: =SUMIFS(Inputs!$D$13:$D$48,Inputs!$A$13:$A$48,$A9,Inputs!$B$13:$B$48,C$4)/INDEX(Inputs!$B$5:$B$8,MATCH(C$4,Inputs!$A$5:$A$8,0)) -> 0.5 | D9: =SUMIFS(Inputs!$D$13:$D$48,Inputs!$A$13:$A$48,$A9,Inputs!$B$13:$B$48,D$4)/INDEX(Inputs!$B$5:$B$8,MATCH(D$4,Inputs!$A$5:$A$8,0)) -> 0.36 | E9: =SUMIFS(Inputs!$D$13:$D$48,Inputs!$A$13:$A$48,$A9,Inputs!$B$13:$B$48,E$4)/INDEX(Inputs!$B$5:$B$8,MATCH(E$4,Inputs!$A$5:$A$8,0)) -> 0.63333333 | F9: =SUMIFS(Inputs!$D$13:$D$48,Inputs!$A$13:$A$48,$A9)/Inputs!$B$9 -> 0.53473684 | G9: =Inputs!$G$6 -> 0.75 | H9: =SUMIFS(Inputs!$C$13:$C$48,Inputs!$A$13:$A$48,$A9)/Inputs!$B$9 -> 0.93368421 | I9: =SUMPRODUCT((Inputs!$A$13:$A$48=$A9)*Inputs!$E$13:$E$48*Inputs!$F$13:$F$48)/SUMIFS(Inputs!$E$13:$E$48,Inputs!$A$13:$A$48,$A9) -> 3.6578947 | J9: =Inputs!$G$7 -> 4 | K9: =SUMIFS(Inputs!$G$13:$G$48,Inputs!$A$13:$A$48,$A9)/Inputs!$B$9*100 -> 6 | L9: =Inputs!$G$8 -> 5
A10: 6 | B10: =SUMIFS(Inputs!$D$13:$D$48,Inputs!$A$13:$A$48,$A10,Inputs!$B$13:$B$48,B$4)/INDEX(Inputs!$B$5:$B$8,MATCH(B$4,Inputs!$A$5:$A$8,0)) -> 0.67894737 | C10: =SUMIFS(Inputs!$D$13:$D$48,Inputs!$A$13:$A$48,$A10,Inputs!$B$13:$B$48,C$4)/INDEX(Inputs!$B$5:$B$8,MATCH(C$4,Inputs!$A$5:$A$8,0)) -> 0.58 | D10: =SUMIFS(Inputs!$D$13:$D$48,Inputs!$A$13:$A$48,$A10,Inputs!$B$13:$B$48,D$4)/INDEX(Inputs!$B$5:$B$8,MATCH(D$4,Inputs!$A$5:$A$8,0)) -> 0.42666667 | E10: =SUMIFS(Inputs!$D$13:$D$48,Inputs!$A$13:$A$48,$A10,Inputs!$B$13:$B$48,E$4)/INDEX(Inputs!$B$5:$B$8,MATCH(E$4,Inputs!$A$5:$A$8,0)) -> 0.68333333 | F10: =SUMIFS(Inputs!$D$13:$D$48,Inputs!$A$13:$A$48,$A10)/Inputs!$B$9 -> 0.60842105 | G10: =Inputs!$G$6 -> 0.75 | H10: =SUMIFS(Inputs!$C$13:$C$48,Inputs!$A$13:$A$48,$A10)/Inputs!$B$9 -> 0.94 | I10: =SUMPRODUCT((Inputs!$A$13:$A$48=$A10)*Inputs!$E$13:$E$48*Inputs!$F$13:$F$48)/SUMIFS(Inputs!$E$13:$E$48,Inputs!$A$13:$A$48,$A10) -> 3.7578947 | J10: =Inputs!$G$7 -> 4 | K10: =SUMIFS(Inputs!$G$13:$G$48,Inputs!$A$13:$A$48,$A10)/Inputs!$B$9*100 -> 5.0526316 | L10: =Inputs!$G$8 -> 5
A11: 7 | B11: =SUMIFS(Inputs!$D$13:$D$48,Inputs!$A$13:$A$48,$A11,Inputs!$B$13:$B$48,B$4)/INDEX(Inputs!$B$5:$B$8,MATCH(B$4,Inputs!$A$5:$A$8,0)) -> 0.72894737 | C11: =SUMIFS(Inputs!$D$13:$D$48,Inputs!$A$13:$A$48,$A11,Inputs!$B$13:$B$48,C$4)/INDEX(Inputs!$B$5:$B$8,MATCH(C$4,Inputs!$A$5:$A$8,0)) -> 0.64 | D11: =SUMIFS(Inputs!$D$13:$D$48,Inputs!$A$13:$A$48,$A11,Inputs!$B$13:$B$48,D$4)/INDEX(Inputs!$B$5:$B$8,MATCH(D$4,Inputs!$A$5:$A$8,0)) -> 0.49333333 | E11: =SUMIFS(Inputs!$D$13:$D$48,Inputs!$A$13:$A$48,$A11,Inputs!$B$13:$B$48,E$4)/INDEX(Inputs!$B$5:$B$8,MATCH(E$4,Inputs!$A$5:$A$8,0)) -> 0.7 | F11: =SUMIFS(Inputs!$D$13:$D$48,Inputs!$A$13:$A$48,$A11)/Inputs!$B$9 -> 0.66 | G11: =Inputs!$G$6 -> 0.75 | H11: =SUMIFS(Inputs!$C$13:$C$48,Inputs!$A$13:$A$48,$A11)/Inputs!$B$9 -> 0.94631579 | I11: =SUMPRODUCT((Inputs!$A$13:$A$48=$A11)*Inputs!$E$13:$E$48*Inputs!$F$13:$F$48)/SUMIFS(Inputs!$E$13:$E$48,Inputs!$A$13:$A$48,$A11) -> 3.8452632 | J11: =Inputs!$G$7 -> 4 | K11: =SUMIFS(Inputs!$G$13:$G$48,Inputs!$A$13:$A$48,$A11)/Inputs!$B$9*100 -> 4 | L11: =Inputs!$G$8 -> 5
A12: 8 | B12: =SUMIFS(Inputs!$D$13:$D$48,Inputs!$A$13:$A$48,$A12,Inputs!$B$13:$B$48,B$4)/INDEX(Inputs!$B$5:$B$8,MATCH(B$4,Inputs!$A$5:$A$8,0)) -> 0.76052632 | C12: =SUMIFS(Inputs!$D$13:$D$48,Inputs!$A$13:$A$48,$A12,Inputs!$B$13:$B$48,C$4)/INDEX(Inputs!$B$5:$B$8,MATCH(C$4,Inputs!$A$5:$A$8,0)) -> 0.68 | D12: =SUMIFS(Inputs!$D$13:$D$48,Inputs!$A$13:$A$48,$A12,Inputs!$B$13:$B$48,D$4)/INDEX(Inputs!$B$5:$B$8,MATCH(D$4,Inputs!$A$5:$A$8,0)) -> 0.53333333 | E12: =SUMIFS(Inputs!$D$13:$D$48,Inputs!$A$13:$A$48,$A12,Inputs!$B$13:$B$48,E$4)/INDEX(Inputs!$B$5:$B$8,MATCH(E$4,Inputs!$A$5:$A$8,0)) -> 0.70833333 | F12: =SUMIFS(Inputs!$D$13:$D$48,Inputs!$A$13:$A$48,$A12)/Inputs!$B$9 -> 0.69263158 | G12: =Inputs!$G$6 -> 0.75 | H12: =SUMIFS(Inputs!$C$13:$C$48,Inputs!$A$13:$A$48,$A12)/Inputs!$B$9 -> 0.95157895 | I12: =SUMPRODUCT((Inputs!$A$13:$A$48=$A12)*Inputs!$E$13:$E$48*Inputs!$F$13:$F$48)/SUMIFS(Inputs!$E$13:$E$48,Inputs!$A$13:$A$48,$A12) -> 3.9452632 | J12: =Inputs!$G$7 -> 4 | K12: =SUMIFS(Inputs!$G$13:$G$48,Inputs!$A$13:$A$48,$A12)/Inputs!$B$9*100 -> 3.3684211 | L12: =Inputs!$G$8 -> 5
A13: 9 | B13: =SUMIFS(Inputs!$D$13:$D$48,Inputs!$A$13:$A$48,$A13,Inputs!$B$13:$B$48,B$4)/INDEX(Inputs!$B$5:$B$8,MATCH(B$4,Inputs!$A$5:$A$8,0)) -> 0.77894737 | C13: =SUMIFS(Inputs!$D$13:$D$48,Inputs!$A$13:$A$48,$A13,Inputs!$B$13:$B$48,C$4)/INDEX(Inputs!$B$5:$B$8,MATCH(C$4,Inputs!$A$5:$A$8,0)) -> 0.7 | D13: =SUMIFS(Inputs!$D$13:$D$48,Inputs!$A$13:$A$48,$A13,Inputs!$B$13:$B$48,D$4)/INDEX(Inputs!$B$5:$B$8,MATCH(D$4,Inputs!$A$5:$A$8,0)) -> 0.56 | E13: =SUMIFS(Inputs!$D$13:$D$48,Inputs!$A$13:$A$48,$A13,Inputs!$B$13:$B$48,E$4)/INDEX(Inputs!$B$5:$B$8,MATCH(E$4,Inputs!$A$5:$A$8,0)) -> 0.71666667 | F13: =SUMIFS(Inputs!$D$13:$D$48,Inputs!$A$13:$A$48,$A13)/Inputs!$B$9 -> 0.71157895 | G13: =Inputs!$G$6 -> 0.75 | H13: =SUMIFS(Inputs!$C$13:$C$48,Inputs!$A$13:$A$48,$A13)/Inputs!$B$9 -> 0.95157895 | I13: =SUMPRODUCT((Inputs!$A$13:$A$48=$A13)*Inputs!$E$13:$E$48*Inputs!$F$13:$F$48)/SUMIFS(Inputs!$E$13:$E$48,Inputs!$A$13:$A$48,$A13) -> 3.9610526 | J13: =Inputs!$G$7 -> 4 | K13: =SUMIFS(Inputs!$G$13:$G$48,Inputs!$A$13:$A$48,$A13)/Inputs!$B$9*100 -> 2.9473684 | L13: =Inputs!$G$8 -> 5
